partner,mean_cv_accuracy,std_cv_accuracy,test_accuracy
Partner B,0.9790640394088669,0.027713464392187602,0.9722222222222222
